Anexo;Ano;Faixa;AliqNom_pct;ParcelaDeduzir_R$;IRPJ_pct;CSLL_pct;CPP_pct;CBS_pct;ICMS_ISS_pct;IPI_pct;IBS_pct;Restante_DAS_hibrido_pct;AnexoLC214
I;2027;1;4;0;5.5;3.5;41.5;15.33;34;0;0.17;50.5;XVIII
I;2027;2;7.3;5940;5.5;3.5;41.5;15.33;34;0;0.17;50.5;XVIII
I;2027;3;9.5;13860;5.5;3.5;42;15.33;33.5;0;0.17;51;XVIII
I;2027;4;10.7;22500;5.5;3.5;42;15.33;33.5;0;0.17;51;XVIII
I;2027;5;14.3;87300;5.5;3.5;42;15.33;33.5;0;0.17;51;XVIII
I;2027;6;18.9;378000;13.58;10.06;42.34;34.02;0;0;0;65.98;XVIII
I;2028;1;4;0;5.5;3.5;41.5;15.33;34;0;0.17;50.5;XVIII
I;2028;2;7.3;5940;5.5;3.5;41.5;15.33;34;0;0.17;50.5;XVIII
I;2028;3;9.5;13860;5.5;3.5;42;15.33;33.5;0;0.17;51;XVIII
I;2028;4;10.7;22500;5.5;3.5;42;15.33;33.5;0;0.17;51;XVIII
I;2028;5;14.3;87300;5.5;3.5;42;15.33;33.5;0;0.17;51;XVIII
I;2028;6;18.9;378000;13.58;10.06;42.34;34.02;0;0;0;65.98;XVIII
I;2029;1;4;0;5.5;3.5;41.5;15.5;30.6;0;3.4;50.5;XVIII
I;2029;2;7.3;5940;5.5;3.5;41.5;15.5;30.6;0;3.4;50.5;XVIII
I;2029;3;9.5;13860;5.5;3.5;42;15.5;30.15;0;3.35;51;XVIII
I;2029;4;10.7;22500;5.5;3.5;42;15.5;30.15;0;3.35;51;XVIII
I;2029;5;14.3;87300;5.5;3.5;42;15.5;30.15;0;3.35;51;XVIII
I;2029;6;18.9;378000;13.5;10;42.1;34.4;0;0;0;65.6;XVIII
I;2030;1;4;0;5.5;3.5;41.5;15.5;27.2;0;6.8;50.5;XVIII
I;2030;2;7.3;5940;5.5;3.5;41.5;15.5;27.2;0;6.8;50.5;XVIII
I;2030;3;9.5;13860;5.5;3.5;42;15.5;26.8;0;6.7;51;XVIII
I;2030;4;10.7;22500;5.5;3.5;42;15.5;26.8;0;6.7;51;XVIII
I;2030;5;14.3;87300;5.5;3.5;42;15.5;26.8;0;6.7;51;XVIII
I;2030;6;18.9;378000;13.5;10;42.1;34.4;0;0;0;65.6;XVIII
I;2031;1;4;0;5.5;3.5;41.5;15.5;23.8;0;10.2;50.5;XVIII
I;2031;2;7.3;5940;5.5;3.5;41.5;15.5;23.8;0;10.2;50.5;XVIII
I;2031;3;9.5;13860;5.5;3.5;42;15.5;23.45;0;10.05;51;XVIII
I;2031;4;10.7;22500;5.5;3.5;42;15.5;23.45;0;10.05;51;XVIII
I;2031;5;14.3;87300;5.5;3.5;42;15.5;23.45;0;10.05;51;XVIII
I;2031;6;18.9;378000;13.5;10;42.1;34.4;0;0;0;65.6;XVIII
I;2032;1;4;0;5.5;3.5;41.5;15.5;20.4;0;13.6;50.5;XVIII
I;2032;2;7.3;5940;5.5;3.5;41.5;15.5;20.4;0;13.6;50.5;XVIII
I;2032;3;9.5;13860;5.5;3.5;42;15.5;20.1;0;13.4;51;XVIII
I;2032;4;10.7;22500;5.5;3.5;42;15.5;20.1;0;13.4;51;XVIII
I;2032;5;14.3;87300;5.5;3.5;42;15.5;20.1;0;13.4;51;XVIII
I;2032;6;18.9;378000;13.5;10;42.1;34.4;0;0;0;65.6;XVIII
I;2033;1;4;0;5.5;3.5;41.5;15.5;0;0;34;50.5;XVIII
I;2033;2;7.3;5940;5.5;3.5;41.5;15.5;0;0;34;50.5;XVIII
I;2033;3;9.5;13860;5.5;3.5;42;15.5;0;0;33.5;51;XVIII
I;2033;4;10.7;22500;5.5;3.5;42;15.5;0;0;33.5;51;XVIII
I;2033;5;14.3;87300;5.5;3.5;42;15.5;0;0;33.5;51;XVIII
I;2033;6;18.9;378000;13.5;10;42.1;34.4;0;0;0;65.6;XVIII
II;2027;1;4.5;0;5.5;3.5;37.5;13.85;32;7.5;0.15;54;XIX
II;2027;2;7.8;5940;5.5;3.5;37.5;13.85;32;7.5;0.15;54;XIX
II;2027;3;10;13860;5.5;3.5;37.5;13.85;32;7.5;0.15;54;XIX
II;2027;4;11.2;22500;5.5;3.5;37.5;13.85;32;7.5;0.15;54;XIX
II;2027;5;14.7;85500;5.5;3.5;37.5;13.85;32;7.5;0.15;54;XIX
II;2027;6;29.9;720000;8.53;7.53;23.59;25.22;0;35.13;0;74.78;XIX
II;2028;1;4.5;0;5.5;3.5;37.5;13.85;32;7.5;0.15;54;XIX
II;2028;2;7.8;5940;5.5;3.5;37.5;13.85;32;7.5;0.15;54;XIX
II;2028;3;10;13860;5.5;3.5;37.5;13.85;32;7.5;0.15;54;XIX
II;2028;4;11.2;22500;5.5;3.5;37.5;13.85;32;7.5;0.15;54;XIX
II;2028;5;14.7;85500;5.5;3.5;37.5;13.85;32;7.5;0.15;54;XIX
II;2028;6;29.9;720000;8.53;7.53;23.59;25.22;0;35.13;0;74.78;XIX
II;2029;1;4.5;0;5.5;3.5;37.5;14;28.8;7.5;3.2;54;XIX
II;2029;2;7.8;5940;5.5;3.5;37.5;14;28.8;7.5;3.2;54;XIX
II;2029;3;10;13860;5.5;3.5;37.5;14;28.8;7.5;3.2;54;XIX
II;2029;4;11.2;22500;5.5;3.5;37.5;14;28.8;7.5;3.2;54;XIX
II;2029;5;14.7;85500;5.5;3.5;37.5;14;28.8;7.5;3.2;54;XIX
II;2029;6;30;720000;8.5;7.5;23.5;25.5;0;35;0;74.5;XIX
II;2030;1;4.5;0;5.5;3.5;37.5;14;25.6;7.5;6.4;54;XIX
II;2030;2;7.8;5940;5.5;3.5;37.5;14;25.6;7.5;6.4;54;XIX
II;2030;3;10;13860;5.5;3.5;37.5;14;25.6;7.5;6.4;54;XIX
II;2030;4;11.2;22500;5.5;3.5;37.5;14;25.6;7.5;6.4;54;XIX
II;2030;5;14.7;85500;5.5;3.5;37.5;14;25.6;7.5;6.4;54;XIX
II;2030;6;30;720000;8.5;7.5;23.5;25.5;0;35;0;74.5;XIX
II;2031;1;4.5;0;5.5;3.5;37.5;14;22.4;7.5;9.6;54;XIX
II;2031;2;7.8;5940;5.5;3.5;37.5;14;22.4;7.5;9.6;54;XIX
II;2031;3;10;13860;5.5;3.5;37.5;14;22.4;7.5;9.6;54;XIX
II;2031;4;11.2;22500;5.5;3.5;37.5;14;22.4;7.5;9.6;54;XIX
II;2031;5;14.7;85500;5.5;3.5;37.5;14;22.4;7.5;9.6;54;XIX
II;2031;6;30;720000;8.5;7.5;23.5;25.5;0;35;0;74.5;XIX
II;2032;1;4.5;0;5.5;3.5;37.5;14;19.2;7.5;12.8;54;XIX
II;2032;2;7.8;5940;5.5;3.5;37.5;14;19.2;7.5;12.8;54;XIX
II;2032;3;10;13860;5.5;3.5;37.5;14;19.2;7.5;12.8;54;XIX
II;2032;4;11.2;22500;5.5;3.5;37.5;14;19.2;7.5;12.8;54;XIX
II;2032;5;14.7;85500;5.5;3.5;37.5;14;19.2;7.5;12.8;54;XIX
II;2032;6;30;720000;8.5;7.5;23.5;25.5;0;35;0;74.5;XIX
II;2033;1;4.5;0;5.5;3.5;37.5;14;0;7.5;32;54;XIX
II;2033;2;7.8;5940;5.5;3.5;37.5;14;0;7.5;32;54;XIX
II;2033;3;10;13860;5.5;3.5;37.5;14;0;7.5;32;54;XIX
II;2033;4;11.2;22500;5.5;3.5;37.5;14;0;7.5;32;54;XIX
II;2033;5;14.7;85500;5.5;3.5;37.5;14;0;7.5;32;54;XIX
II;2033;6;30;720000;8.5;7.5;23.5;25.5;0;35;0;74.5;XIX
III;2027;1;6;0;4;3.5;43.4;15.43;33.5;0;0.17;50.9;XX
III;2027;2;11.2;9360;4;3.5;43.4;16.91;32;0;0.19;50.9;XX
III;2027;3;13.5;17640;4;3.5;43.4;16.41;32.5;0;0.19;50.9;XX
III;2027;4;16;35640;4;3.5;43.4;16.41;32.5;0;0.19;50.9;XX
III;2027;5;21;125640;4;3.5;43.4;15.43;33.5;0;0.17;50.9;XX
III;2027;6;32.9;648000;35.09;15.04;30.58;19.29;0;0;0;80.71;XX
III;2028;1;6;0;4;3.5;43.4;15.43;33.5;0;0.17;50.9;XX
III;2028;2;11.2;9360;4;3.5;43.4;16.91;32;0;0.19;50.9;XX
III;2028;3;13.5;17640;4;3.5;43.4;16.41;32.5;0;0.19;50.9;XX
III;2028;4;16;35640;4;3.5;43.4;16.41;32.5;0;0.19;50.9;XX
III;2028;5;21;125640;4;3.5;43.4;15.43;33.5;0;0.17;50.9;XX
III;2028;6;32.9;648000;35.09;15.04;30.58;19.29;0;0;0;80.71;XX
III;2029;1;6;0;4;3.5;43.4;15.6;30.15;0;3.35;50.9;XX
III;2029;2;11.2;9360;4;3.5;43.4;17.1;28.8;0;3.2;50.9;XX
III;2029;3;13.5;17640;4;3.5;43.4;16.6;29.25;0;3.25;50.9;XX
III;2029;4;16;35640;4;3.5;43.4;16.6;29.25;0;3.25;50.9;XX
III;2029;5;21;125640;4;3.5;43.4;15.6;30.15;0;3.35;50.9;XX
III;2029;6;33;648000;35;15;30.5;19.5;0;0;0;80.5;XX
III;2030;1;6;0;4;3.5;43.4;15.6;26.8;0;6.7;50.9;XX
III;2030;2;11.2;9360;4;3.5;43.4;17.1;25.6;0;6.4;50.9;XX
III;2030;3;13.5;17640;4;3.5;43.4;16.6;26;0;6.5;50.9;XX
III;2030;4;16;35640;4;3.5;43.4;16.6;26;0;6.5;50.9;XX
III;2030;5;21;125640;4;3.5;43.4;15.6;26.8;0;6.7;50.9;XX
III;2030;6;33;648000;35;15;30.5;19.5;0;0;0;80.5;XX
III;2031;1;6;0;4;3.5;43.4;15.6;23.45;0;10.05;50.9;XX
III;2031;2;11.2;9360;4;3.5;43.4;17.1;22.4;0;9.6;50.9;XX
III;2031;3;13.5;17640;4;3.5;43.4;16.6;22.75;0;9.75;50.9;XX
III;2031;4;16;35640;4;3.5;43.4;16.6;22.75;0;9.75;50.9;XX
III;2031;5;21;125640;4;3.5;43.4;15.6;23.45;0;10.05;50.9;XX
III;2031;6;33;648000;35;15;30.5;19.5;0;0;0;80.5;XX
III;2032;1;6;0;4;3.5;43.4;15.6;20.1;0;13.4;50.9;XX
III;2032;2;11.2;9360;4;3.5;43.4;17.1;19.2;0;12.8;50.9;XX
III;2032;3;13.5;17640;4;3.5;43.4;16.6;19.5;0;13;50.9;XX
III;2032;4;16;35640;4;3.5;43.4;16.6;19.5;0;13;50.9;XX
III;2032;5;21;125640;4;3.5;43.4;15.6;20.1;0;13.4;50.9;XX
III;2032;6;33;648000;35;15;30.5;19.5;0;0;0;80.5;XX
III;2033;1;6;0;4;3.5;43.4;15.6;0;0;33.5;50.9;XX
III;2033;2;11.2;9360;4;3.5;43.4;17.1;0;0;32;50.9;XX
III;2033;3;13.5;17640;4;3.5;43.4;16.6;0;0;32.5;50.9;XX
III;2033;4;16;35640;4;3.5;43.4;16.6;0;0;32.5;50.9;XX
III;2033;5;21;125640;4;3.5;43.4;15.6;0;0;33.5;50.9;XX
III;2033;6;33;648000;35;15;30.5;19.5;0;0;0;80.5;XX
IV;2027;1;4.5;0;18.8;15.2;0;21.26;44.5;0;0.24;34;XXI
IV;2027;2;9;8100;19.8;15.2;0;24.73;40;0;0.27;35;XXI
IV;2027;3;10.2;12420;20.8;15.2;0;23.74;40;0;0.26;36;XXI
IV;2027;4;14;39780;17.8;19.2;0;22.75;40;0;0.25;37;XXI
IV;2027;5;22;183780;18.8;19.2;0;21.76;40;0;0.24;38;XXI
IV;2027;6;32.9;828000;53.71;21.59;0;24.7;0;0;0;75.3;XXI
IV;2028;1;4.5;0;18.8;15.2;0;21.26;44.5;0;0.24;34;XXI
IV;2028;2;9;8100;19.8;15.2;0;24.73;40;0;0.27;35;XXI
IV;2028;3;10.2;12420;20.8;15.2;0;23.74;40;0;0.26;36;XXI
IV;2028;4;14;39780;17.8;19.2;0;22.75;40;0;0.25;37;XXI
IV;2028;5;22;183780;18.8;19.2;0;21.76;40;0;0.24;38;XXI
IV;2028;6;32.9;828000;53.71;21.59;0;24.7;0;0;0;75.3;XXI
IV;2029;1;4.5;0;18.8;15.2;0;21.5;40.05;0;4.45;34;XXI
IV;2029;2;9;8100;19.8;15.2;0;25;36;0;4;35;XXI
IV;2029;3;10.2;12420;20.8;15.2;0;24;36;0;4;36;XXI
IV;2029;4;14;39780;17.8;19.2;0;23;36;0;4;37;XXI
IV;2029;5;22;183780;18.8;19.2;0;22;36;0;4;38;XXI
IV;2029;6;33;828000;53.5;21.5;0;25;0;0;0;75;XXI
IV;2030;1;4.5;0;18.8;15.2;0;21.5;35.6;0;8.9;34;XXI
IV;2030;2;9;8100;19.8;15.2;0;25;32;0;8;35;XXI
IV;2030;3;10.2;12420;20.8;15.2;0;24;32;0;8;36;XXI
IV;2030;4;14;39780;17.8;19.2;0;23;32;0;8;37;XXI
IV;2030;5;22;183780;18.8;19.2;0;22;32;0;8;38;XXI
IV;2030;6;33;828000;53.5;21.5;0;25;0;0;0;75;XXI
IV;2031;1;4.5;0;18.8;15.2;0;21.5;31.15;0;13.35;34;XXI
IV;2031;2;9;8100;19.8;15.2;0;25;28;0;12;35;XXI
IV;2031;3;10.2;12420;20.8;15.2;0;24;28;0;12;36;XXI
IV;2031;4;14;39780;17.8;19.2;0;23;28;0;12;37;XXI
IV;2031;5;22;183780;18.8;19.2;0;22;28;0;12;38;XXI
IV;2031;6;33;828000;53.5;21.5;0;25;0;0;0;75;XXI
IV;2032;1;4.5;0;18.8;15.2;0;21.5;26.7;0;17.8;34;XXI
IV;2032;2;9;8100;19.8;15.2;0;25;24;0;16;35;XXI
IV;2032;3;10.2;12420;20.8;15.2;0;24;24;0;16;36;XXI
IV;2032;4;14;39780;17.8;19.2;0;23;24;0;16;37;XXI
IV;2032;5;22;183780;18.8;19.2;0;22;24;0;16;38;XXI
IV;2032;6;33;828000;53.5;21.5;0;25;0;0;0;75;XXI
IV;2033;1;4.5;0;18.8;15.2;0;21.5;0;0;44.5;34;XXI
IV;2033;2;9;8100;19.8;15.2;0;25;0;0;40;35;XXI
IV;2033;3;10.2;12420;20.8;15.2;0;24;0;0;40;36;XXI
IV;2033;4;14;39780;17.8;19.2;0;23;0;0;40;37;XXI
IV;2033;5;22;183780;18.8;19.2;0;22;0;0;40;38;XXI
IV;2033;6;33;828000;53.5;21.5;0;25;0;0;0;75;XXI
V;2027;1;15.5;0;25;15;28.85;16.96;14;0;0.19;68.85;XXII
V;2027;2;18;4500;23;15;27.85;16.96;17;0;0.19;65.85;XXII
V;2027;3;19.5;9900;24;15;23.85;17.95;19;0;0.2;62.85;XXII
V;2027;4;20.5;17100;21;15;23.85;18.94;21;0;0.21;59.85;XXII
V;2027;5;23;62100;23;12.5;23.85;16.96;23.5;0;0.19;59.35;XXII
V;2027;6;30.4;540000;35.1;15.54;29.58;19.78;0;0;0;80.22;XXII
V;2028;1;15.5;0;25;15;28.85;16.96;14;0;0.19;68.85;XXII
V;2028;2;18;4500;23;15;27.85;16.96;17;0;0.19;65.85;XXII
V;2028;3;19.5;9900;24;15;23.85;17.95;19;0;0.2;62.85;XXII
V;2028;4;20.5;17100;21;15;23.85;18.94;21;0;0.21;59.85;XXII
V;2028;5;23;62100;23;12.5;23.85;16.96;23.5;0;0.19;59.35;XXII
V;2028;6;30.4;540000;35.1;15.54;29.58;19.78;0;0;0;80.22;XXII
V;2029;1;15.5;0;25;15;28.85;17.15;12.6;0;1.4;68.85;XXII
V;2029;2;18;4500;23;15;27.85;17.15;15.3;0;1.7;65.85;XXII
V;2029;3;19.5;9900;24;15;23.85;18.15;17.1;0;1.9;62.85;XXII
V;2029;4;20.5;17100;21;15;23.85;19.15;18.9;0;2.1;59.85;XXII
V;2029;5;23;62100;23;12.5;23.85;17.15;21.15;0;2.35;59.35;XXII
V;2029;6;30.5;540000;35;15.5;29.5;20;0;0;0;80;XXII
V;2030;1;15.5;0;25;15;28.85;17.15;11.2;0;2.8;68.85;XXII
V;2030;2;18;4500;23;15;27.85;17.15;13.6;0;3.4;65.85;XXII
V;2030;3;19.5;9900;24;15;23.85;18.15;15.2;0;3.8;62.85;XXII
V;2030;4;20.5;17100;21;15;23.85;19.15;16.8;0;4.2;59.85;XXII
V;2030;5;23;62100;23;12.5;23.85;17.15;18.8;0;4.7;59.35;XXII
V;2030;6;30.5;540000;35;15.5;29.5;20;0;0;0;80;XXII
V;2031;1;15.5;0;25;15;28.85;17.15;9.8;0;4.2;68.85;XXII
V;2031;2;18;4500;23;15;27.85;17.15;11.9;0;5.1;65.85;XXII
V;2031;3;19.5;9900;24;15;23.85;18.15;13.3;0;5.7;62.85;XXII
V;2031;4;20.5;17100;21;15;23.85;19.15;14.7;0;6.3;59.85;XXII
V;2031;5;23;62100;23;12.5;23.85;17.15;16.45;0;7.05;59.35;XXII
V;2031;6;30.5;540000;35;15.5;29.5;20;0;0;0;80;XXII
V;2032;1;15.5;0;25;15;28.85;17.15;8.4;0;5.6;68.85;XXII
V;2032;2;18;4500;23;15;27.85;17.15;10.2;0;6.8;65.85;XXII
V;2032;3;19.5;9900;24;15;23.85;18.15;11.4;0;7.6;62.85;XXII
V;2032;4;20.5;17100;21;15;23.85;19.15;12.6;0;8.4;59.85;XXII
V;2032;5;23;62100;23;12.5;23.85;17.15;14.1;0;9.4;59.35;XXII
V;2032;6;30.5;540000;35;15.5;29.5;20;0;0;0;80;XXII
V;2033;1;15.5;0;25;15;28.85;17.15;0;0;14;68.85;XXII
V;2033;2;18;4500;23;15;27.85;17.15;0;0;17;65.85;XXII
V;2033;3;19.5;9900;24;15;23.85;18.15;0;0;19;62.85;XXII
V;2033;4;20.5;17100;21;15;23.85;19.15;0;0;21;59.85;XXII
V;2033;5;23;62100;23;12.5;23.85;17.15;0;0;23.5;59.35;XXII
V;2033;6;30.5;540000;35;15.5;29.5;20;0;0;0;80;XXII
"BLOCO 2026 — tabela vigente até 31/12/2026, com numeração antiga (I–V). Para 2027 em diante, usar Anexos XVIII–XXII da LC 214/2025; equivalência na coluna O e na tabela abaixo.";;;;;;;;;;;;;
I;2026;1;4;0;;;;;;;;;XVIII
I;2026;2;7.3;5940;;;;;;;;;XVIII
I;2026;3;9.5;13860;;;;;;;;;XVIII
I;2026;4;10.7;22500;;;;;;;;;XVIII
I;2026;5;14.3;87300;;;;;;;;;XVIII
I;2026;6;19;378000;;;;;;;;;XVIII
II;2026;1;4.5;0;;;;;;;;;XIX
II;2026;2;7.8;5940;;;;;;;;;XIX
II;2026;3;10;13860;;;;;;;;;XIX
II;2026;4;11.2;22500;;;;;;;;;XIX
II;2026;5;14.7;85500;;;;;;;;;XIX
II;2026;6;30;720000;;;;;;;;;XIX
III;2026;1;6;0;;;;;;;;;XX
III;2026;2;11.2;9360;;;;;;;;;XX
III;2026;3;13.5;17640;;;;;;;;;XX
III;2026;4;16;35640;;;;;;;;;XX
III;2026;5;21;125640;;;;;;;;;XX
III;2026;6;33;648000;;;;;;;;;XX
IV;2026;1;4.5;0;;;;;;;;;XXI
IV;2026;2;9;8100;;;;;;;;;XXI
IV;2026;3;10.2;12420;;;;;;;;;XXI
IV;2026;4;14;39780;;;;;;;;;XXI
IV;2026;5;22;183780;;;;;;;;;XXI
IV;2026;6;33;828000;;;;;;;;;XXI
V;2026;1;15.5;0;;;;;;;;;XXII
V;2026;2;18;4500;;;;;;;;;XXII
V;2026;3;19.5;9900;;;;;;;;;XXII
V;2026;4;20.5;17100;;;;;;;;;XXII
V;2026;5;23;62100;;;;;;;;;XXII
V;2026;6;30.5;540000;;;;;;;;;XXII
